DATAFLOW_ID:Dataflow ID,KEY:Timeseries Key,FREQ:Frequency,EER_TYPE:Type,EER_BASKET:Basket,REF_AREA:Reference area,Unit,Unit multiplier,DATE,OBS_CONF:Confidentiality,OBS_PRE_BREAK:Pre-break value,OBS_STATUS:Status,OBS_VALUE:Value
"BIS,WS_EER,1.0",M.N.B.PL,M:Monthly,N:Nominal,B:Broad (64 economies),PL:Poland,"Index, 2020 = 100",,1/31/1994,F:Free,,A:Normal value,152.95
"BIS,WS_EER,1.0",M.N.B.PL,M:Monthly,N:Nominal,B:Broad (64 economies),PL:Poland,"Index, 2020 = 100",,2/28/1994,F:Free,,A:Normal value,151.13
"BIS,WS_EER,1.0",M.N.B.PL,M:Monthly,N:Nominal,B:Broad (64 economies),PL:Poland,"Index, 2020 = 100",,3/31/1994,F:Free,,A:Normal value,148.73
"BIS,WS_EER,1.0",M.N.B.PL,M:Monthly,N:Nominal,B:Broad (64 economies),PL:Poland,"Index, 2020 = 100",,4/30/1994,F:Free,,A:Normal value,147.05
"BIS,WS_EER,1.0",M.N.B.PL,M:Monthly,N:Nominal,B:Broad (64 economies),PL:Poland,"Index, 2020 = 100",,5/31/1994,F:Free,,A:Normal value,144.44
"BIS,WS_EER,1.0",M.N.B.PL,M:Monthly,N:Nominal,B:Broad (64 economies),PL:Poland,"Index, 2020 = 100",,6/30/1994,F:Free,,A:Normal value,142.08
"BIS,WS_EER,1.0",M.N.B.PL,M:Monthly,N:Nominal,B:Broad (64 economies),PL:Poland,"Index, 2020 = 100",,7/31/1994,F:Free,,A:Normal value,139.09
"BIS,WS_EER,1.0",M.N.B.PL,M:Monthly,N:Nominal,B:Broad (64 economies),PL:Poland,"Index, 2020 = 100",,8/31/1994,F:Free,,A:Normal value,137.23
"BIS,WS_EER,1.0",M.N.B.PL,M:Monthly,N:Nominal,B:Broad (64 economies),PL:Poland,"Index, 2020 = 100",,9/30/1994,F:Free,,A:Normal value,134.93
"BIS,WS_EER,1.0",M.N.B.PL,M:Monthly,N:Nominal,B:Broad (64 economies),PL:Poland,"Index, 2020 = 100",,10/31/1994,F:Free,,A:Normal value,133.11
"BIS,WS_EER,1.0",M.N.B.PL,M:Monthly,N:Nominal,B:Broad (64 economies),PL:Poland,"Index, 2020 = 100",,11/30/1994,F:Free,,A:Normal value,131.95
"BIS,WS_EER,1.0",M.N.B.PL,M:Monthly,N:Nominal,B:Broad (64 economies),PL:Poland,"Index, 2020 = 100",,12/31/1994,F:Free,,A:Normal value,131.07
"BIS,WS_EER,1.0",M.N.B.PL,M:Monthly,N:Nominal,B:Broad (64 economies),PL:Poland,"Index, 2020 = 100",,1/31/1995,F:Free,,A:Normal value,129.41
"BIS,WS_EER,1.0",M.N.B.PL,M:Monthly,N:Nominal,B:Broad (64 economies),PL:Poland,"Index, 2020 = 100",,2/28/1995,F:Free,,A:Normal value,127.86
"BIS,WS_EER,1.0",M.N.B.PL,M:Monthly,N:Nominal,B:Broad (64 economies),PL:Poland,"Index, 2020 = 100",,3/31/1995,F:Free,,A:Normal value,126.21
"BIS,WS_EER,1.0",M.N.B.PL,M:Monthly,N:Nominal,B:Broad (64 economies),PL:Poland,"Index, 2020 = 100",,4/30/1995,F:Free,,A:Normal value,124.47
"BIS,WS_EER,1.0",M.N.B.PL,M:Monthly,N:Nominal,B:Broad (64 economies),PL:Poland,"Index, 2020 = 100",,5/31/1995,F:Free,,A:Normal value,125.98
"BIS,WS_EER,1.0",M.N.B.PL,M:Monthly,N:Nominal,B:Broad (64 economies),PL:Poland,"Index, 2020 = 100",,6/30/1995,F:Free,,A:Normal value,127.6
"BIS,WS_EER,1.0",M.N.B.PL,M:Monthly,N:Nominal,B:Broad (64 economies),PL:Poland,"Index, 2020 = 100",,7/31/1995,F:Free,,A:Normal value,125.55
"BIS,WS_EER,1.0",M.N.B.PL,M:Monthly,N:Nominal,B:Broad (64 economies),PL:Poland,"Index, 2020 = 100",,8/31/1995,F:Free,,A:Normal value,124.96
"BIS,WS_EER,1.0",M.N.B.PL,M:Monthly,N:Nominal,B:Broad (64 economies),PL:Poland,"Index, 2020 = 100",,9/30/1995,F:Free,,A:Normal value,125.21
"BIS,WS_EER,1.0",M.N.B.PL,M:Monthly,N:Nominal,B:Broad (64 economies),PL:Poland,"Index, 2020 = 100",,10/31/1995,F:Free,,A:Normal value,123.65
"BIS,WS_EER,1.0",M.N.B.PL,M:Monthly,N:Nominal,B:Broad (64 economies),PL:Poland,"Index, 2020 = 100",,11/30/1995,F:Free,,A:Normal value,122.21
"BIS,WS_EER,1.0",M.N.B.PL,M:Monthly,N:Nominal,B:Broad (64 economies),PL:Poland,"Index, 2020 = 100",,12/31/1995,F:Free,,A:Normal value,121.95
"BIS,WS_EER,1.0",M.N.B.PL,M:Monthly,N:Nominal,B:Broad (64 economies),PL:Poland,"Index, 2020 = 100",,1/31/1996,F:Free,,A:Normal value,123.39
"BIS,WS_EER,1.0",M.N.B.PL,M:Monthly,N:Nominal,B:Broad (64 economies),PL:Poland,"Index, 2020 = 100",,2/29/1996,F:Free,,A:Normal value,122.23
"BIS,WS_EER,1.0",M.N.B.PL,M:Monthly,N:Nominal,B:Broad (64 economies),PL:Poland,"Index, 2020 = 100",,3/31/1996,F:Free,,A:Normal value,121.25
"BIS,WS_EER,1.0",M.N.B.PL,M:Monthly,N:Nominal,B:Broad (64 economies),PL:Poland,"Index, 2020 = 100",,4/30/1996,F:Free,,A:Normal value,120.41
"BIS,WS_EER,1.0",M.N.B.PL,M:Monthly,N:Nominal,B:Broad (64 economies),PL:Poland,"Index, 2020 = 100",,5/31/1996,F:Free,,A:Normal value,119.4
"BIS,WS_EER,1.0",M.N.B.PL,M:Monthly,N:Nominal,B:Broad (64 economies),PL:Poland,"Index, 2020 = 100",,6/30/1996,F:Free,,A:Normal value,117.27
"BIS,WS_EER,1.0",M.N.B.PL,M:Monthly,N:Nominal,B:Broad (64 economies),PL:Poland,"Index, 2020 = 100",,7/31/1996,F:Free,,A:Normal value,116.15
"BIS,WS_EER,1.0",M.N.B.PL,M:Monthly,N:Nominal,B:Broad (64 economies),PL:Poland,"Index, 2020 = 100",,8/31/1996,F:Free,,A:Normal value,114.75
"BIS,WS_EER,1.0",M.N.B.PL,M:Monthly,N:Nominal,B:Broad (64 economies),PL:Poland,"Index, 2020 = 100",,9/30/1996,F:Free,,A:Normal value,113.71
"BIS,WS_EER,1.0",M.N.B.PL,M:Monthly,N:Nominal,B:Broad (64 economies),PL:Poland,"Index, 2020 = 100",,10/31/1996,F:Free,,A:Normal value,112.9
"BIS,WS_EER,1.0",M.N.B.PL,M:Monthly,N:Nominal,B:Broad (64 economies),PL:Poland,"Index, 2020 = 100",,11/30/1996,F:Free,,A:Normal value,111.62
"BIS,WS_EER,1.0",M.N.B.PL,M:Monthly,N:Nominal,B:Broad (64 economies),PL:Poland,"Index, 2020 = 100",,12/31/1996,F:Free,,A:Normal value,111.98
"BIS,WS_EER,1.0",M.N.B.PL,M:Monthly,N:Nominal,B:Broad (64 economies),PL:Poland,"Index, 2020 = 100",,1/31/1997,F:Free,,A:Normal value,111.65
"BIS,WS_EER,1.0",M.N.B.PL,M:Monthly,N:Nominal,B:Broad (64 economies),PL:Poland,"Index, 2020 = 100",,2/28/1997,F:Free,,A:Normal value,111.99
"BIS,WS_EER,1.0",M.N.B.PL,M:Monthly,N:Nominal,B:Broad (64 economies),PL:Poland,"Index, 2020 = 100",,3/31/1997,F:Free,,A:Normal value,111.69
"BIS,WS_EER,1.0",M.N.B.PL,M:Monthly,N:Nominal,B:Broad (64 economies),PL:Poland,"Index, 2020 = 100",,4/30/1997,F:Free,,A:Normal value,110.65
"BIS,WS_EER,1.0",M.N.B.PL,M:Monthly,N:Nominal,B:Broad (64 economies),PL:Poland,"Index, 2020 = 100",,5/31/1997,F:Free,,A:Normal value,108.59
"BIS,WS_EER,1.0",M.N.B.PL,M:Monthly,N:Nominal,B:Broad (64 economies),PL:Poland,"Index, 2020 = 100",,6/30/1997,F:Free,,A:Normal value,107.28
"BIS,WS_EER,1.0",M.N.B.PL,M:Monthly,N:Nominal,B:Broad (64 economies),PL:Poland,"Index, 2020 = 100",,7/31/1997,F:Free,,A:Normal value,104.44
"BIS,WS_EER,1.0",M.N.B.PL,M:Monthly,N:Nominal,B:Broad (64 economies),PL:Poland,"Index, 2020 = 100",,8/31/1997,F:Free,,A:Normal value,104.67
"BIS,WS_EER,1.0",M.N.B.PL,M:Monthly,N:Nominal,B:Broad (64 economies),PL:Poland,"Index, 2020 = 100",,9/30/1997,F:Free,,A:Normal value,103.72
"BIS,WS_EER,1.0",M.N.B.PL,M:Monthly,N:Nominal,B:Broad (64 economies),PL:Poland,"Index, 2020 = 100",,10/31/1997,F:Free,,A:Normal value,103.45
"BIS,WS_EER,1.0",M.N.B.PL,M:Monthly,N:Nominal,B:Broad (64 economies),PL:Poland,"Index, 2020 = 100",,11/30/1997,F:Free,,A:Normal value,100.47
"BIS,WS_EER,1.0",M.N.B.PL,M:Monthly,N:Nominal,B:Broad (64 economies),PL:Poland,"Index, 2020 = 100",,12/31/1997,F:Free,,A:Normal value,102.96
"BIS,WS_EER,1.0",M.N.B.PL,M:Monthly,N:Nominal,B:Broad (64 economies),PL:Poland,"Index, 2020 = 100",,1/31/1998,F:Free,,A:Normal value,105.37
"BIS,WS_EER,1.0",M.N.B.PL,M:Monthly,N:Nominal,B:Broad (64 economies),PL:Poland,"Index, 2020 = 100",,2/28/1998,F:Free,,A:Normal value,104.72
"BIS,WS_EER,1.0",M.N.B.PL,M:Monthly,N:Nominal,B:Broad (64 economies),PL:Poland,"Index, 2020 = 100",,3/31/1998,F:Free,,A:Normal value,107.14
"BIS,WS_EER,1.0",M.N.B.PL,M:Monthly,N:Nominal,B:Broad (64 economies),PL:Poland,"Index, 2020 = 100",,4/30/1998,F:Free,,A:Normal value,107.8
"BIS,WS_EER,1.0",M.N.B.PL,M:Monthly,N:Nominal,B:Broad (64 economies),PL:Poland,"Index, 2020 = 100",,5/31/1998,F:Free,,A:Normal value,106.64
"BIS,WS_EER,1.0",M.N.B.PL,M:Monthly,N:Nominal,B:Broad (64 economies),PL:Poland,"Index, 2020 = 100",,6/30/1998,F:Free,,A:Normal value,105.95
"BIS,WS_EER,1.0",M.N.B.PL,M:Monthly,N:Nominal,B:Broad (64 economies),PL:Poland,"Index, 2020 = 100",,7/31/1998,F:Free,,A:Normal value,106.58
"BIS,WS_EER,1.0",M.N.B.PL,M:Monthly,N:Nominal,B:Broad (64 economies),PL:Poland,"Index, 2020 = 100",,8/31/1998,F:Free,,A:Normal value,103.2
"BIS,WS_EER,1.0",M.N.B.PL,M:Monthly,N:Nominal,B:Broad (64 economies),PL:Poland,"Index, 2020 = 100",,9/30/1998,F:Free,,A:Normal value,100.33
"BIS,WS_EER,1.0",M.N.B.PL,M:Monthly,N:Nominal,B:Broad (64 economies),PL:Poland,"Index, 2020 = 100",,10/31/1998,F:Free,,A:Normal value,100.41
"BIS,WS_EER,1.0",M.N.B.PL,M:Monthly,N:Nominal,B:Broad (64 economies),PL:Poland,"Index, 2020 = 100",,11/30/1998,F:Free,,A:Normal value,103.74
"BIS,WS_EER,1.0",M.N.B.PL,M:Monthly,N:Nominal,B:Broad (64 economies),PL:Poland,"Index, 2020 = 100",,12/31/1998,F:Free,,A:Normal value,102.34
"BIS,WS_EER,1.0",M.N.B.PL,M:Monthly,N:Nominal,B:Broad (64 economies),PL:Poland,"Index, 2020 = 100",,1/31/1999,F:Free,,A:Normal value,101.85
"BIS,WS_EER,1.0",M.N.B.PL,M:Monthly,N:Nominal,B:Broad (64 economies),PL:Poland,"Index, 2020 = 100",,2/28/1999,F:Free,,A:Normal value,97.99
"BIS,WS_EER,1.0",M.N.B.PL,M:Monthly,N:Nominal,B:Broad (64 economies),PL:Poland,"Index, 2020 = 100",,3/31/1999,F:Free,,A:Normal value,96.52
"BIS,WS_EER,1.0",M.N.B.PL,M:Monthly,N:Nominal,B:Broad (64 economies),PL:Poland,"Index, 2020 = 100",,4/30/1999,F:Free,,A:Normal value,96.51
"BIS,WS_EER,1.0",M.N.B.PL,M:Monthly,N:Nominal,B:Broad (64 economies),PL:Poland,"Index, 2020 = 100",,5/31/1999,F:Free,,A:Normal value,98.57
"BIS,WS_EER,1.0",M.N.B.PL,M:Monthly,N:Nominal,B:Broad (64 economies),PL:Poland,"Index, 2020 = 100",,6/30/1999,F:Free,,A:Normal value,99.96
"BIS,WS_EER,1.0",M.N.B.PL,M:Monthly,N:Nominal,B:Broad (64 economies),PL:Poland,"Index, 2020 = 100",,7/31/1999,F:Free,,A:Normal value,101.86
"BIS,WS_EER,1.0",M.N.B.PL,M:Monthly,N:Nominal,B:Broad (64 economies),PL:Poland,"Index, 2020 = 100",,8/31/1999,F:Free,,A:Normal value,97.96
"BIS,WS_EER,1.0",M.N.B.PL,M:Monthly,N:Nominal,B:Broad (64 economies),PL:Poland,"Index, 2020 = 100",,9/30/1999,F:Free,,A:Normal value,95.45
"BIS,WS_EER,1.0",M.N.B.PL,M:Monthly,N:Nominal,B:Broad (64 economies),PL:Poland,"Index, 2020 = 100",,10/31/1999,F:Free,,A:Normal value,93.47
"BIS,WS_EER,1.0",M.N.B.PL,M:Monthly,N:Nominal,B:Broad (64 economies),PL:Poland,"Index, 2020 = 100",,11/30/1999,F:Free,,A:Normal value,92.78
"BIS,WS_EER,1.0",M.N.B.PL,M:Monthly,N:Nominal,B:Broad (64 economies),PL:Poland,"Index, 2020 = 100",,12/31/1999,F:Free,,A:Normal value,96.13
"BIS,WS_EER,1.0",M.N.B.PL,M:Monthly,N:Nominal,B:Broad (64 economies),PL:Poland,"Index, 2020 = 100",,1/31/2000,F:Free,,A:Normal value,97.5
"BIS,WS_EER,1.0",M.N.B.PL,M:Monthly,N:Nominal,B:Broad (64 economies),PL:Poland,"Index, 2020 = 100",,2/29/2000,F:Free,,A:Normal value,98.94
"BIS,WS_EER,1.0",M.N.B.PL,M:Monthly,N:Nominal,B:Broad (64 economies),PL:Poland,"Index, 2020 = 100",,3/31/2000,F:Free,,A:Normal value,101.7
"BIS,WS_EER,1.0",M.N.B.PL,M:Monthly,N:Nominal,B:Broad (64 economies),PL:Poland,"Index, 2020 = 100",,4/30/2000,F:Free,,A:Normal value,99.7
"BIS,WS_EER,1.0",M.N.B.PL,M:Monthly,N:Nominal,B:Broad (64 economies),PL:Poland,"Index, 2020 = 100",,5/31/2000,F:Free,,A:Normal value,97.46
"BIS,WS_EER,1.0",M.N.B.PL,M:Monthly,N:Nominal,B:Broad (64 economies),PL:Poland,"Index, 2020 = 100",,6/30/2000,F:Free,,A:Normal value,96.22
"BIS,WS_EER,1.0",M.N.B.PL,M:Monthly,N:Nominal,B:Broad (64 economies),PL:Poland,"Index, 2020 = 100",,7/31/2000,F:Free,,A:Normal value,98.87
"BIS,WS_EER,1.0",M.N.B.PL,M:Monthly,N:Nominal,B:Broad (64 economies),PL:Poland,"Index, 2020 = 100",,8/31/2000,F:Free,,A:Normal value,100.66
"BIS,WS_EER,1.0",M.N.B.PL,M:Monthly,N:Nominal,B:Broad (64 economies),PL:Poland,"Index, 2020 = 100",,9/30/2000,F:Free,,A:Normal value,100.71
"BIS,WS_EER,1.0",M.N.B.PL,M:Monthly,N:Nominal,B:Broad (64 economies),PL:Poland,"Index, 2020 = 100",,10/31/2000,F:Free,,A:Normal value,99.06
"BIS,WS_EER,1.0",M.N.B.PL,M:Monthly,N:Nominal,B:Broad (64 economies),PL:Poland,"Index, 2020 = 100",,11/30/2000,F:Free,,A:Normal value,101.04
"BIS,WS_EER,1.0",M.N.B.PL,M:Monthly,N:Nominal,B:Broad (64 economies),PL:Poland,"Index, 2020 = 100",,12/31/2000,F:Free,,A:Normal value,103.01
"BIS,WS_EER,1.0",M.N.B.PL,M:Monthly,N:Nominal,B:Broad (64 economies),PL:Poland,"Index, 2020 = 100",,1/31/2001,F:Free,,A:Normal value,104.91
"BIS,WS_EER,1.0",M.N.B.PL,M:Monthly,N:Nominal,B:Broad (64 economies),PL:Poland,"Index, 2020 = 100",,2/28/2001,F:Free,,A:Normal value,107.18
"BIS,WS_EER,1.0",M.N.B.PL,M:Monthly,N:Nominal,B:Broad (64 economies),PL:Poland,"Index, 2020 = 100",,3/31/2001,F:Free,,A:Normal value,109.43
"BIS,WS_EER,1.0",M.N.B.PL,M:Monthly,N:Nominal,B:Broad (64 economies),PL:Poland,"Index, 2020 = 100",,4/30/2001,F:Free,,A:Normal value,112.46
"BIS,WS_EER,1.0",M.N.B.PL,M:Monthly,N:Nominal,B:Broad (64 economies),PL:Poland,"Index, 2020 = 100",,5/31/2001,F:Free,,A:Normal value,115.15
"BIS,WS_EER,1.0",M.N.B.PL,M:Monthly,N:Nominal,B:Broad (64 economies),PL:Poland,"Index, 2020 = 100",,6/30/2001,F:Free,,A:Normal value,117.87
"BIS,WS_EER,1.0",M.N.B.PL,M:Monthly,N:Nominal,B:Broad (64 economies),PL:Poland,"Index, 2020 = 100",,7/31/2001,F:Free,,A:Normal value,110.79
"BIS,WS_EER,1.0",M.N.B.PL,M:Monthly,N:Nominal,B:Broad (64 economies),PL:Poland,"Index, 2020 = 100",,8/31/2001,F:Free,,A:Normal value,105.84
"BIS,WS_EER,1.0",M.N.B.PL,M:Monthly,N:Nominal,B:Broad (64 economies),PL:Poland,"Index, 2020 = 100",,9/30/2001,F:Free,,A:Normal value,105.61
"BIS,WS_EER,1.0",M.N.B.PL,M:Monthly,N:Nominal,B:Broad (64 economies),PL:Poland,"Index, 2020 = 100",,10/31/2001,F:Free,,A:Normal value,108.42
"BIS,WS_EER,1.0",M.N.B.PL,M:Monthly,N:Nominal,B:Broad (64 economies),PL:Poland,"Index, 2020 = 100",,11/30/2001,F:Free,,A:Normal value,111.08
"BIS,WS_EER,1.0",M.N.B.PL,M:Monthly,N:Nominal,B:Broad (64 economies),PL:Poland,"Index, 2020 = 100",,12/31/2001,F:Free,,A:Normal value,112.63
"BIS,WS_EER,1.0",M.N.B.PL,M:Monthly,N:Nominal,B:Broad (64 economies),PL:Poland,"Index, 2020 = 100",,1/31/2002,F:Free,,A:Normal value,112.18
"BIS,WS_EER,1.0",M.N.B.PL,M:Monthly,N:Nominal,B:Broad (64 economies),PL:Poland,"Index, 2020 = 100",,2/28/2002,F:Free,,A:Normal value,110.26
"BIS,WS_EER,1.0",M.N.B.PL,M:Monthly,N:Nominal,B:Broad (64 economies),PL:Poland,"Index, 2020 = 100",,3/31/2002,F:Free,,A:Normal value,110.89
"BIS,WS_EER,1.0",M.N.B.PL,M:Monthly,N:Nominal,B:Broad (64 economies),PL:Poland,"Index, 2020 = 100",,4/30/2002,F:Free,,A:Normal value,111.82
"BIS,WS_EER,1.0",M.N.B.PL,M:Monthly,N:Nominal,B:Broad (64 economies),PL:Poland,"Index, 2020 = 100",,5/31/2002,F:Free,,A:Normal value,109.14
"BIS,WS_EER,1.0",M.N.B.PL,M:Monthly,N:Nominal,B:Broad (64 economies),PL:Poland,"Index, 2020 = 100",,6/30/2002,F:Free,,A:Normal value,106.27
"BIS,WS_EER,1.0",M.N.B.PL,M:Monthly,N:Nominal,B:Broad (64 economies),PL:Poland,"Index, 2020 = 100",,7/31/2002,F:Free,,A:Normal value,100.75
"BIS,WS_EER,1.0",M.N.B.PL,M:Monthly,N:Nominal,B:Broad (64 economies),PL:Poland,"Index, 2020 = 100",,8/31/2002,F:Free,,A:Normal value,100.72
"BIS,WS_EER,1.0",M.N.B.PL,M:Monthly,N:Nominal,B:Broad (64 economies),PL:Poland,"Index, 2020 = 100",,9/30/2002,F:Free,,A:Normal value,101.06
"BIS,WS_EER,1.0",M.N.B.PL,M:Monthly,N:Nominal,B:Broad (64 economies),PL:Poland,"Index, 2020 = 100",,10/31/2002,F:Free,,A:Normal value,101.93
"BIS,WS_EER,1.0",M.N.B.PL,M:Monthly,N:Nominal,B:Broad (64 economies),PL:Poland,"Index, 2020 = 100",,11/30/2002,F:Free,,A:Normal value,104.45
"BIS,WS_EER,1.0",M.N.B.PL,M:Monthly,N:Nominal,B:Broad (64 economies),PL:Poland,"Index, 2020 = 100",,12/31/2002,F:Free,,A:Normal value,104.12
"BIS,WS_EER,1.0",M.N.B.PL,M:Monthly,N:Nominal,B:Broad (64 economies),PL:Poland,"Index, 2020 = 100",,1/31/2003,F:Free,,A:Normal value,103.01
"BIS,WS_EER,1.0",M.N.B.PL,M:Monthly,N:Nominal,B:Broad (64 economies),PL:Poland,"Index, 2020 = 100",,2/28/2003,F:Free,,A:Normal value,101.13
"BIS,WS_EER,1.0",M.N.B.PL,M:Monthly,N:Nominal,B:Broad (64 economies),PL:Poland,"Index, 2020 = 100",,3/31/2003,F:Free,,A:Normal value,97.41
"BIS,WS_EER,1.0",M.N.B.PL,M:Monthly,N:Nominal,B:Broad (64 economies),PL:Poland,"Index, 2020 = 100",,4/30/2003,F:Free,,A:Normal value,98.34
"BIS,WS_EER,1.0",M.N.B.PL,M:Monthly,N:Nominal,B:Broad (64 economies),PL:Poland,"Index, 2020 = 100",,5/31/2003,F:Free,,A:Normal value,98.71
"BIS,WS_EER,1.0",M.N.B.PL,M:Monthly,N:Nominal,B:Broad (64 economies),PL:Poland,"Index, 2020 = 100",,6/30/2003,F:Free,,A:Normal value,96.6
"BIS,WS_EER,1.0",M.N.B.PL,M:Monthly,N:Nominal,B:Broad (64 economies),PL:Poland,"Index, 2020 = 100",,7/31/2003,F:Free,,A:Normal value,96.11
"BIS,WS_EER,1.0",M.N.B.PL,M:Monthly,N:Nominal,B:Broad (64 economies),PL:Poland,"Index, 2020 = 100",,8/31/2003,F:Free,,A:Normal value,97.22
"BIS,WS_EER,1.0",M.N.B.PL,M:Monthly,N:Nominal,B:Broad (64 economies),PL:Poland,"Index, 2020 = 100",,9/30/2003,F:Free,,A:Normal value,95.13
"BIS,WS_EER,1.0",M.N.B.PL,M:Monthly,N:Nominal,B:Broad (64 economies),PL:Poland,"Index, 2020 = 100",,10/31/2003,F:Free,,A:Normal value,92.99
"BIS,WS_EER,1.0",M.N.B.PL,M:Monthly,N:Nominal,B:Broad (64 economies),PL:Poland,"Index, 2020 = 100",,11/30/2003,F:Free,,A:Normal value,92.6
"BIS,WS_EER,1.0",M.N.B.PL,M:Monthly,N:Nominal,B:Broad (64 economies),PL:Poland,"Index, 2020 = 100",,12/31/2003,F:Free,,A:Normal value,92.71
"BIS,WS_EER,1.0",M.N.B.PL,M:Monthly,N:Nominal,B:Broad (64 economies),PL:Poland,"Index, 2020 = 100",,1/31/2004,F:Free,,A:Normal value,92.02
"BIS,WS_EER,1.0",M.N.B.PL,M:Monthly,N:Nominal,B:Broad (64 economies),PL:Poland,"Index, 2020 = 100",,2/29/2004,F:Free,,A:Normal value,89.23
"BIS,WS_EER,1.0",M.N.B.PL,M:Monthly,N:Nominal,B:Broad (64 economies),PL:Poland,"Index, 2020 = 100",,3/31/2004,F:Free,,A:Normal value,90.34
"BIS,WS_EER,1.0",M.N.B.PL,M:Monthly,N:Nominal,B:Broad (64 economies),PL:Poland,"Index, 2020 = 100",,4/30/2004,F:Free,,A:Normal value,89.86
"BIS,WS_EER,1.0",M.N.B.PL,M:Monthly,N:Nominal,B:Broad (64 economies),PL:Poland,"Index, 2020 = 100",,5/31/2004,F:Free,,A:Normal value,90.92
"BIS,WS_EER,1.0",M.N.B.PL,M:Monthly,N:Nominal,B:Broad (64 economies),PL:Poland,"Index, 2020 = 100",,6/30/2004,F:Free,,A:Normal value,93.55
"BIS,WS_EER,1.0",M.N.B.PL,M:Monthly,N:Nominal,B:Broad (64 economies),PL:Poland,"Index, 2020 = 100",,7/31/2004,F:Free,,A:Normal value,96.36
"BIS,WS_EER,1.0",M.N.B.PL,M:Monthly,N:Nominal,B:Broad (64 economies),PL:Poland,"Index, 2020 = 100",,8/31/2004,F:Free,,A:Normal value,97.05
"BIS,WS_EER,1.0",M.N.B.PL,M:Monthly,N:Nominal,B:Broad (64 economies),PL:Poland,"Index, 2020 = 100",,9/30/2004,F:Free,,A:Normal value,98.4
"BIS,WS_EER,1.0",M.N.B.PL,M:Monthly,N:Nominal,B:Broad (64 economies),PL:Poland,"Index, 2020 = 100",,10/31/2004,F:Free,,A:Normal value,100.07
"BIS,WS_EER,1.0",M.N.B.PL,M:Monthly,N:Nominal,B:Broad (64 economies),PL:Poland,"Index, 2020 = 100",,11/30/2004,F:Free,,A:Normal value,101.93
"BIS,WS_EER,1.0",M.N.B.PL,M:Monthly,N:Nominal,B:Broad (64 economies),PL:Poland,"Index, 2020 = 100",,12/31/2004,F:Free,,A:Normal value,105.29
"BIS,WS_EER,1.0",M.N.B.PL,M:Monthly,N:Nominal,B:Broad (64 economies),PL:Poland,"Index, 2020 = 100",,1/31/2005,F:Free,,A:Normal value,106.13
"BIS,WS_EER,1.0",M.N.B.PL,M:Monthly,N:Nominal,B:Broad (64 economies),PL:Poland,"Index, 2020 = 100",,2/28/2005,F:Free,,A:Normal value,108.17
"BIS,WS_EER,1.0",M.N.B.PL,M:Monthly,N:Nominal,B:Broad (64 economies),PL:Poland,"Index, 2020 = 100",,3/31/2005,F:Free,,A:Normal value,107.75
"BIS,WS_EER,1.0",M.N.B.PL,M:Monthly,N:Nominal,B:Broad (64 economies),PL:Poland,"Index, 2020 = 100",,4/30/2005,F:Free,,A:Normal value,103.71
"BIS,WS_EER,1.0",M.N.B.PL,M:Monthly,N:Nominal,B:Broad (64 economies),PL:Poland,"Index, 2020 = 100",,5/31/2005,F:Free,,A:Normal value,102.79
"BIS,WS_EER,1.0",M.N.B.PL,M:Monthly,N:Nominal,B:Broad (64 economies),PL:Poland,"Index, 2020 = 100",,6/30/2005,F:Free,,A:Normal value,104.58
"BIS,WS_EER,1.0",M.N.B.PL,M:Monthly,N:Nominal,B:Broad (64 economies),PL:Poland,"Index, 2020 = 100",,7/31/2005,F:Free,,A:Normal value,103.64
"BIS,WS_EER,1.0",M.N.B.PL,M:Monthly,N:Nominal,B:Broad (64 economies),PL:Poland,"Index, 2020 = 100",,8/31/2005,F:Free,,A:Normal value,105.19
"BIS,WS_EER,1.0",M.N.B.PL,M:Monthly,N:Nominal,B:Broad (64 economies),PL:Poland,"Index, 2020 = 100",,9/30/2005,F:Free,,A:Normal value,108.46
"BIS,WS_EER,1.0",M.N.B.PL,M:Monthly,N:Nominal,B:Broad (64 economies),PL:Poland,"Index, 2020 = 100",,10/31/2005,F:Free,,A:Normal value,108.14
"BIS,WS_EER,1.0",M.N.B.PL,M:Monthly,N:Nominal,B:Broad (64 economies),PL:Poland,"Index, 2020 = 100",,11/30/2005,F:Free,,A:Normal value,106.42
"BIS,WS_EER,1.0",M.N.B.PL,M:Monthly,N:Nominal,B:Broad (64 economies),PL:Poland,"Index, 2020 = 100",,12/31/2005,F:Free,,A:Normal value,109.76
"BIS,WS_EER,1.0",M.N.B.PL,M:Monthly,N:Nominal,B:Broad (64 economies),PL:Poland,"Index, 2020 = 100",,1/31/2006,F:Free,,A:Normal value,110.81
"BIS,WS_EER,1.0",M.N.B.PL,M:Monthly,N:Nominal,B:Broad (64 economies),PL:Poland,"Index, 2020 = 100",,2/28/2006,F:Free,,A:Normal value,111.11
"BIS,WS_EER,1.0",M.N.B.PL,M:Monthly,N:Nominal,B:Broad (64 economies),PL:Poland,"Index, 2020 = 100",,3/31/2006,F:Free,,A:Normal value,108.89
"BIS,WS_EER,1.0",M.N.B.PL,M:Monthly,N:Nominal,B:Broad (64 economies),PL:Poland,"Index, 2020 = 100",,4/30/2006,F:Free,,A:Normal value,108.34
"BIS,WS_EER,1.0",M.N.B.PL,M:Monthly,N:Nominal,B:Broad (64 economies),PL:Poland,"Index, 2020 = 100",,5/31/2006,F:Free,,A:Normal value,109.72
"BIS,WS_EER,1.0",M.N.B.PL,M:Monthly,N:Nominal,B:Broad (64 economies),PL:Poland,"Index, 2020 = 100",,6/30/2006,F:Free,,A:Normal value,106.38
"BIS,WS_EER,1.0",M.N.B.PL,M:Monthly,N:Nominal,B:Broad (64 economies),PL:Poland,"Index, 2020 = 100",,7/31/2006,F:Free,,A:Normal value,107.27
"BIS,WS_EER,1.0",M.N.B.PL,M:Monthly,N:Nominal,B:Broad (64 economies),PL:Poland,"Index, 2020 = 100",,8/31/2006,F:Free,,A:Normal value,109.77
"BIS,WS_EER,1.0",M.N.B.PL,M:Monthly,N:Nominal,B:Broad (64 economies),PL:Poland,"Index, 2020 = 100",,9/30/2006,F:Free,,A:Normal value,108.01
"BIS,WS_EER,1.0",M.N.B.PL,M:Monthly,N:Nominal,B:Broad (64 economies),PL:Poland,"Index, 2020 = 100",,10/31/2006,F:Free,,A:Normal value,109.45
"BIS,WS_EER,1.0",M.N.B.PL,M:Monthly,N:Nominal,B:Broad (64 economies),PL:Poland,"Index, 2020 = 100",,11/30/2006,F:Free,,A:Normal value,111.8
"BIS,WS_EER,1.0",M.N.B.PL,M:Monthly,N:Nominal,B:Broad (64 economies),PL:Poland,"Index, 2020 = 100",,12/31/2006,F:Free,,A:Normal value,112.53
"BIS,WS_EER,1.0",M.N.B.PL,M:Monthly,N:Nominal,B:Broad (64 economies),PL:Poland,"Index, 2020 = 100",,1/31/2007,F:Free,,A:Normal value,110.22
"BIS,WS_EER,1.0",M.N.B.PL,M:Monthly,N:Nominal,B:Broad (64 economies),PL:Poland,"Index, 2020 = 100",,2/28/2007,F:Free,,A:Normal value,109.94
"BIS,WS_EER,1.0",M.N.B.PL,M:Monthly,N:Nominal,B:Broad (64 economies),PL:Poland,"Index, 2020 = 100",,3/31/2007,F:Free,,A:Normal value,110.5
"BIS,WS_EER,1.0",M.N.B.PL,M:Monthly,N:Nominal,B:Broad (64 economies),PL:Poland,"Index, 2020 = 100",,4/30/2007,F:Free,,A:Normal value,112.88
"BIS,WS_EER,1.0",M.N.B.PL,M:Monthly,N:Nominal,B:Broad (64 economies),PL:Poland,"Index, 2020 = 100",,5/31/2007,F:Free,,A:Normal value,113.81
"BIS,WS_EER,1.0",M.N.B.PL,M:Monthly,N:Nominal,B:Broad (64 economies),PL:Poland,"Index, 2020 = 100",,6/30/2007,F:Free,,A:Normal value,112.87
"BIS,WS_EER,1.0",M.N.B.PL,M:Monthly,N:Nominal,B:Broad (64 economies),PL:Poland,"Index, 2020 = 100",,7/31/2007,F:Free,,A:Normal value,114.2
"BIS,WS_EER,1.0",M.N.B.PL,M:Monthly,N:Nominal,B:Broad (64 economies),PL:Poland,"Index, 2020 = 100",,8/31/2007,F:Free,,A:Normal value,112.89
"BIS,WS_EER,1.0",M.N.B.PL,M:Monthly,N:Nominal,B:Broad (64 economies),PL:Poland,"Index, 2020 = 100",,9/30/2007,F:Free,,A:Normal value,113.89
"BIS,WS_EER,1.0",M.N.B.PL,M:Monthly,N:Nominal,B:Broad (64 economies),PL:Poland,"Index, 2020 = 100",,10/31/2007,F:Free,,A:Normal value,116.75
"BIS,WS_EER,1.0",M.N.B.PL,M:Monthly,N:Nominal,B:Broad (64 economies),PL:Poland,"Index, 2020 = 100",,11/30/2007,F:Free,,A:Normal value,119.06
"BIS,WS_EER,1.0",M.N.B.PL,M:Monthly,N:Nominal,B:Broad (64 economies),PL:Poland,"Index, 2020 = 100",,12/31/2007,F:Free,,A:Normal value,120.82
"BIS,WS_EER,1.0",M.N.B.PL,M:Monthly,N:Nominal,B:Broad (64 economies),PL:Poland,"Index, 2020 = 100",,1/31/2008,F:Free,,A:Normal value,120.76
"BIS,WS_EER,1.0",M.N.B.PL,M:Monthly,N:Nominal,B:Broad (64 economies),PL:Poland,"Index, 2020 = 100",,2/29/2008,F:Free,,A:Normal value,121.68
"BIS,WS_EER,1.0",M.N.B.PL,M:Monthly,N:Nominal,B:Broad (64 economies),PL:Poland,"Index, 2020 = 100",,3/31/2008,F:Free,,A:Normal value,124.7
"BIS,WS_EER,1.0",M.N.B.PL,M:Monthly,N:Nominal,B:Broad (64 economies),PL:Poland,"Index, 2020 = 100",,4/30/2008,F:Free,,A:Normal value,128.64
"BIS,WS_EER,1.0",M.N.B.PL,M:Monthly,N:Nominal,B:Broad (64 economies),PL:Poland,"Index, 2020 = 100",,5/31/2008,F:Free,,A:Normal value,129.73
"BIS,WS_EER,1.0",M.N.B.PL,M:Monthly,N:Nominal,B:Broad (64 economies),PL:Poland,"Index, 2020 = 100",,6/30/2008,F:Free,,A:Normal value,130.62
"BIS,WS_EER,1.0",M.N.B.PL,M:Monthly,N:Nominal,B:Broad (64 economies),PL:Poland,"Index, 2020 = 100",,7/31/2008,F:Free,,A:Normal value,135.19
"BIS,WS_EER,1.0",M.N.B.PL,M:Monthly,N:Nominal,B:Broad (64 economies),PL:Poland,"Index, 2020 = 100",,8/31/2008,F:Free,,A:Normal value,132.42
"BIS,WS_EER,1.0",M.N.B.PL,M:Monthly,N:Nominal,B:Broad (64 economies),PL:Poland,"Index, 2020 = 100",,9/30/2008,F:Free,,A:Normal value,128.58
"BIS,WS_EER,1.0",M.N.B.PL,M:Monthly,N:Nominal,B:Broad (64 economies),PL:Poland,"Index, 2020 = 100",,10/31/2008,F:Free,,A:Normal value,120.05
"BIS,WS_EER,1.0",M.N.B.PL,M:Monthly,N:Nominal,B:Broad (64 economies),PL:Poland,"Index, 2020 = 100",,11/30/2008,F:Free,,A:Normal value,114.8
"BIS,WS_EER,1.0",M.N.B.PL,M:Monthly,N:Nominal,B:Broad (64 economies),PL:Poland,"Index, 2020 = 100",,12/31/2008,F:Free,,A:Normal value,109.48
"BIS,WS_EER,1.0",M.N.B.PL,M:Monthly,N:Nominal,B:Broad (64 economies),PL:Poland,"Index, 2020 = 100",,1/31/2009,F:Free,,A:Normal value,103.66
"BIS,WS_EER,1.0",M.N.B.PL,M:Monthly,N:Nominal,B:Broad (64 economies),PL:Poland,"Index, 2020 = 100",,2/28/2009,F:Free,,A:Normal value,94.23
"BIS,WS_EER,1.0",M.N.B.PL,M:Monthly,N:Nominal,B:Broad (64 economies),PL:Poland,"Index, 2020 = 100",,3/31/2009,F:Free,,A:Normal value,95.53
"BIS,WS_EER,1.0",M.N.B.PL,M:Monthly,N:Nominal,B:Broad (64 economies),PL:Poland,"Index, 2020 = 100",,4/30/2009,F:Free,,A:Normal value,99.09
"BIS,WS_EER,1.0",M.N.B.PL,M:Monthly,N:Nominal,B:Broad (64 economies),PL:Poland,"Index, 2020 = 100",,5/31/2009,F:Free,,A:Normal value,99.73
"BIS,WS_EER,1.0",M.N.B.PL,M:Monthly,N:Nominal,B:Broad (64 economies),PL:Poland,"Index, 2020 = 100",,6/30/2009,F:Free,,A:Normal value,98.05
"BIS,WS_EER,1.0",M.N.B.PL,M:Monthly,N:Nominal,B:Broad (64 economies),PL:Poland,"Index, 2020 = 100",,7/31/2009,F:Free,,A:Normal value,102.82
"BIS,WS_EER,1.0",M.N.B.PL,M:Monthly,N:Nominal,B:Broad (64 economies),PL:Poland,"Index, 2020 = 100",,8/31/2009,F:Free,,A:Normal value,106.99
"BIS,WS_EER,1.0",M.N.B.PL,M:Monthly,N:Nominal,B:Broad (64 economies),PL:Poland,"Index, 2020 = 100",,9/30/2009,F:Free,,A:Normal value,106.73
"BIS,WS_EER,1.0",M.N.B.PL,M:Monthly,N:Nominal,B:Broad (64 economies),PL:Poland,"Index, 2020 = 100",,10/31/2009,F:Free,,A:Normal value,105.66
"BIS,WS_EER,1.0",M.N.B.PL,M:Monthly,N:Nominal,B:Broad (64 economies),PL:Poland,"Index, 2020 = 100",,11/30/2009,F:Free,,A:Normal value,106.96
"BIS,WS_EER,1.0",M.N.B.PL,M:Monthly,N:Nominal,B:Broad (64 economies),PL:Poland,"Index, 2020 = 100",,12/31/2009,F:Free,,A:Normal value,107.06
"BIS,WS_EER,1.0",M.N.B.PL,M:Monthly,N:Nominal,B:Broad (64 economies),PL:Poland,"Index, 2020 = 100",,1/31/2010,F:Free,,A:Normal value,107.93
"BIS,WS_EER,1.0",M.N.B.PL,M:Monthly,N:Nominal,B:Broad (64 economies),PL:Poland,"Index, 2020 = 100",,2/28/2010,F:Free,,A:Normal value,108.21
"BIS,WS_EER,1.0",M.N.B.PL,M:Monthly,N:Nominal,B:Broad (64 economies),PL:Poland,"Index, 2020 = 100",,3/31/2010,F:Free,,A:Normal value,111.14
"BIS,WS_EER,1.0",M.N.B.PL,M:Monthly,N:Nominal,B:Broad (64 economies),PL:Poland,"Index, 2020 = 100",,4/30/2010,F:Free,,A:Normal value,110.73
"BIS,WS_EER,1.0",M.N.B.PL,M:Monthly,N:Nominal,B:Broad (64 economies),PL:Poland,"Index, 2020 = 100",,5/31/2010,F:Free,,A:Normal value,104.35
"BIS,WS_EER,1.0",M.N.B.PL,M:Monthly,N:Nominal,B:Broad (64 economies),PL:Poland,"Index, 2020 = 100",,6/30/2010,F:Free,,A:Normal value,102.32
"BIS,WS_EER,1.0",M.N.B.PL,M:Monthly,N:Nominal,B:Broad (64 economies),PL:Poland,"Index, 2020 = 100",,7/31/2010,F:Free,,A:Normal value,103.86
"BIS,WS_EER,1.0",M.N.B.PL,M:Monthly,N:Nominal,B:Broad (64 economies),PL:Poland,"Index, 2020 = 100",,8/31/2010,F:Free,,A:Normal value,106.1
"BIS,WS_EER,1.0",M.N.B.PL,M:Monthly,N:Nominal,B:Broad (64 economies),PL:Poland,"Index, 2020 = 100",,9/30/2010,F:Free,,A:Normal value,107.2
"BIS,WS_EER,1.0",M.N.B.PL,M:Monthly,N:Nominal,B:Broad (64 economies),PL:Poland,"Index, 2020 = 100",,10/31/2010,F:Free,,A:Normal value,108.89
"BIS,WS_EER,1.0",M.N.B.PL,M:Monthly,N:Nominal,B:Broad (64 economies),PL:Poland,"Index, 2020 = 100",,11/30/2010,F:Free,,A:Normal value,108.28
"BIS,WS_EER,1.0",M.N.B.PL,M:Monthly,N:Nominal,B:Broad (64 economies),PL:Poland,"Index, 2020 = 100",,12/31/2010,F:Free,,A:Normal value,106.14
"BIS,WS_EER,1.0",M.N.B.PL,M:Monthly,N:Nominal,B:Broad (64 economies),PL:Poland,"Index, 2020 = 100",,1/31/2011,F:Free,,A:Normal value,108.93
"BIS,WS_EER,1.0",M.N.B.PL,M:Monthly,N:Nominal,B:Broad (64 economies),PL:Poland,"Index, 2020 = 100",,2/28/2011,F:Free,,A:Normal value,108.44
"BIS,WS_EER,1.0",M.N.B.PL,M:Monthly,N:Nominal,B:Broad (64 economies),PL:Poland,"Index, 2020 = 100",,3/31/2011,F:Free,,A:Normal value,106.79
"BIS,WS_EER,1.0",M.N.B.PL,M:Monthly,N:Nominal,B:Broad (64 economies),PL:Poland,"Index, 2020 = 100",,4/30/2011,F:Free,,A:Normal value,108.71
"BIS,WS_EER,1.0",M.N.B.PL,M:Monthly,N:Nominal,B:Broad (64 economies),PL:Poland,"Index, 2020 = 100",,5/31/2011,F:Free,,A:Normal value,109.18
"BIS,WS_EER,1.0",M.N.B.PL,M:Monthly,N:Nominal,B:Broad (64 economies),PL:Poland,"Index, 2020 = 100",,6/30/2011,F:Free,,A:Normal value,108.48
"BIS,WS_EER,1.0",M.N.B.PL,M:Monthly,N:Nominal,B:Broad (64 economies),PL:Poland,"Index, 2020 = 100",,7/31/2011,F:Free,,A:Normal value,107.38
"BIS,WS_EER,1.0",M.N.B.PL,M:Monthly,N:Nominal,B:Broad (64 economies),PL:Poland,"Index, 2020 = 100",,8/31/2011,F:Free,,A:Normal value,104.35
"BIS,WS_EER,1.0",M.N.B.PL,M:Monthly,N:Nominal,B:Broad (64 economies),PL:Poland,"Index, 2020 = 100",,9/30/2011,F:Free,,A:Normal value,98.58
"BIS,WS_EER,1.0",M.N.B.PL,M:Monthly,N:Nominal,B:Broad (64 economies),PL:Poland,"Index, 2020 = 100",,10/31/2011,F:Free,,A:Normal value,98.54
"BIS,WS_EER,1.0",M.N.B.PL,M:Monthly,N:Nominal,B:Broad (64 economies),PL:Poland,"Index, 2020 = 100",,11/30/2011,F:Free,,A:Normal value,96.53
"BIS,WS_EER,1.0",M.N.B.PL,M:Monthly,N:Nominal,B:Broad (64 economies),PL:Poland,"Index, 2020 = 100",,12/31/2011,F:Free,,A:Normal value,94.81
"BIS,WS_EER,1.0",M.N.B.PL,M:Monthly,N:Nominal,B:Broad (64 economies),PL:Poland,"Index, 2020 = 100",,1/31/2012,F:Free,,A:Normal value,96.1
"BIS,WS_EER,1.0",M.N.B.PL,M:Monthly,N:Nominal,B:Broad (64 economies),PL:Poland,"Index, 2020 = 100",,2/29/2012,F:Free,,A:Normal value,100.7
"BIS,WS_EER,1.0",M.N.B.PL,M:Monthly,N:Nominal,B:Broad (64 economies),PL:Poland,"Index, 2020 = 100",,3/31/2012,F:Free,,A:Normal value,101.91
"BIS,WS_EER,1.0",M.N.B.PL,M:Monthly,N:Nominal,B:Broad (64 economies),PL:Poland,"Index, 2020 = 100",,4/30/2012,F:Free,,A:Normal value,100.81
"BIS,WS_EER,1.0",M.N.B.PL,M:Monthly,N:Nominal,B:Broad (64 economies),PL:Poland,"Index, 2020 = 100",,5/31/2012,F:Free,,A:Normal value,97.57
"BIS,WS_EER,1.0",M.N.B.PL,M:Monthly,N:Nominal,B:Broad (64 economies),PL:Poland,"Index, 2020 = 100",,6/30/2012,F:Free,,A:Normal value,97.29
"BIS,WS_EER,1.0",M.N.B.PL,M:Monthly,N:Nominal,B:Broad (64 economies),PL:Poland,"Index, 2020 = 100",,7/31/2012,F:Free,,A:Normal value,99
"BIS,WS_EER,1.0",M.N.B.PL,M:Monthly,N:Nominal,B:Broad (64 economies),PL:Poland,"Index, 2020 = 100",,8/31/2012,F:Free,,A:Normal value,101.1
"BIS,WS_EER,1.0",M.N.B.PL,M:Monthly,N:Nominal,B:Broad (64 economies),PL:Poland,"Index, 2020 = 100",,9/30/2012,F:Free,,A:Normal value,101.08
"BIS,WS_EER,1.0",M.N.B.PL,M:Monthly,N:Nominal,B:Broad (64 economies),PL:Poland,"Index, 2020 = 100",,10/31/2012,F:Free,,A:Normal value,102.01
"BIS,WS_EER,1.0",M.N.B.PL,M:Monthly,N:Nominal,B:Broad (64 economies),PL:Poland,"Index, 2020 = 100",,11/30/2012,F:Free,,A:Normal value,101.09
"BIS,WS_EER,1.0",M.N.B.PL,M:Monthly,N:Nominal,B:Broad (64 economies),PL:Poland,"Index, 2020 = 100",,12/31/2012,F:Free,,A:Normal value,102.67
"BIS,WS_EER,1.0",M.N.B.PL,M:Monthly,N:Nominal,B:Broad (64 economies),PL:Poland,"Index, 2020 = 100",,1/31/2013,F:Free,,A:Normal value,102.15
"BIS,WS_EER,1.0",M.N.B.PL,M:Monthly,N:Nominal,B:Broad (64 economies),PL:Poland,"Index, 2020 = 100",,2/28/2013,F:Free,,A:Normal value,101.92
"BIS,WS_EER,1.0",M.N.B.PL,M:Monthly,N:Nominal,B:Broad (64 economies),PL:Poland,"Index, 2020 = 100",,3/31/2013,F:Free,,A:Normal value,101.55
"BIS,WS_EER,1.0",M.N.B.PL,M:Monthly,N:Nominal,B:Broad (64 economies),PL:Poland,"Index, 2020 = 100",,4/30/2013,F:Free,,A:Normal value,102.21
"BIS,WS_EER,1.0",M.N.B.PL,M:Monthly,N:Nominal,B:Broad (64 economies),PL:Poland,"Index, 2020 = 100",,5/31/2013,F:Free,,A:Normal value,101.11
"BIS,WS_EER,1.0",M.N.B.PL,M:Monthly,N:Nominal,B:Broad (64 economies),PL:Poland,"Index, 2020 = 100",,6/30/2013,F:Free,,A:Normal value,99.5
"BIS,WS_EER,1.0",M.N.B.PL,M:Monthly,N:Nominal,B:Broad (64 economies),PL:Poland,"Index, 2020 = 100",,7/31/2013,F:Free,,A:Normal value,99.7
"BIS,WS_EER,1.0",M.N.B.PL,M:Monthly,N:Nominal,B:Broad (64 economies),PL:Poland,"Index, 2020 = 100",,8/31/2013,F:Free,,A:Normal value,101.38
"BIS,WS_EER,1.0",M.N.B.PL,M:Monthly,N:Nominal,B:Broad (64 economies),PL:Poland,"Index, 2020 = 100",,9/30/2013,F:Free,,A:Normal value,101.16
"BIS,WS_EER,1.0",M.N.B.PL,M:Monthly,N:Nominal,B:Broad (64 economies),PL:Poland,"Index, 2020 = 100",,10/31/2013,F:Free,,A:Normal value,102.68
"BIS,WS_EER,1.0",M.N.B.PL,M:Monthly,N:Nominal,B:Broad (64 economies),PL:Poland,"Index, 2020 = 100",,11/30/2013,F:Free,,A:Normal value,102.81
"BIS,WS_EER,1.0",M.N.B.PL,M:Monthly,N:Nominal,B:Broad (64 economies),PL:Poland,"Index, 2020 = 100",,12/31/2013,F:Free,,A:Normal value,103.94
"BIS,WS_EER,1.0",M.N.B.PL,M:Monthly,N:Nominal,B:Broad (64 economies),PL:Poland,"Index, 2020 = 100",,1/31/2014,F:Free,,A:Normal value,103.82
"BIS,WS_EER,1.0",M.N.B.PL,M:Monthly,N:Nominal,B:Broad (64 economies),PL:Poland,"Index, 2020 = 100",,2/28/2014,F:Free,,A:Normal value,104.17
"BIS,WS_EER,1.0",M.N.B.PL,M:Monthly,N:Nominal,B:Broad (64 economies),PL:Poland,"Index, 2020 = 100",,3/31/2014,F:Free,,A:Normal value,104.15
"BIS,WS_EER,1.0",M.N.B.PL,M:Monthly,N:Nominal,B:Broad (64 economies),PL:Poland,"Index, 2020 = 100",,4/30/2014,F:Free,,A:Normal value,104.34
"BIS,WS_EER,1.0",M.N.B.PL,M:Monthly,N:Nominal,B:Broad (64 economies),PL:Poland,"Index, 2020 = 100",,5/31/2014,F:Free,,A:Normal value,104.04
"BIS,WS_EER,1.0",M.N.B.PL,M:Monthly,N:Nominal,B:Broad (64 economies),PL:Poland,"Index, 2020 = 100",,6/30/2014,F:Free,,A:Normal value,104.78
"BIS,WS_EER,1.0",M.N.B.PL,M:Monthly,N:Nominal,B:Broad (64 economies),PL:Poland,"Index, 2020 = 100",,7/31/2014,F:Free,,A:Normal value,104.37
"BIS,WS_EER,1.0",M.N.B.PL,M:Monthly,N:Nominal,B:Broad (64 economies),PL:Poland,"Index, 2020 = 100",,8/31/2014,F:Free,,A:Normal value,102.87
"BIS,WS_EER,1.0",M.N.B.PL,M:Monthly,N:Nominal,B:Broad (64 economies),PL:Poland,"Index, 2020 = 100",,9/30/2014,F:Free,,A:Normal value,102.13
"BIS,WS_EER,1.0",M.N.B.PL,M:Monthly,N:Nominal,B:Broad (64 economies),PL:Poland,"Index, 2020 = 100",,10/31/2014,F:Free,,A:Normal value,101.44
"BIS,WS_EER,1.0",M.N.B.PL,M:Monthly,N:Nominal,B:Broad (64 economies),PL:Poland,"Index, 2020 = 100",,11/30/2014,F:Free,,A:Normal value,101.36
"BIS,WS_EER,1.0",M.N.B.PL,M:Monthly,N:Nominal,B:Broad (64 economies),PL:Poland,"Index, 2020 = 100",,12/31/2014,F:Free,,A:Normal value,101.5
"BIS,WS_EER,1.0",M.N.B.PL,M:Monthly,N:Nominal,B:Broad (64 economies),PL:Poland,"Index, 2020 = 100",,1/31/2015,F:Free,,A:Normal value,98.74
"BIS,WS_EER,1.0",M.N.B.PL,M:Monthly,N:Nominal,B:Broad (64 economies),PL:Poland,"Index, 2020 = 100",,2/28/2015,F:Free,,A:Normal value,100.28
"BIS,WS_EER,1.0",M.N.B.PL,M:Monthly,N:Nominal,B:Broad (64 economies),PL:Poland,"Index, 2020 = 100",,3/31/2015,F:Free,,A:Normal value,99.94
"BIS,WS_EER,1.0",M.N.B.PL,M:Monthly,N:Nominal,B:Broad (64 economies),PL:Poland,"Index, 2020 = 100",,4/30/2015,F:Free,,A:Normal value,101.94
"BIS,WS_EER,1.0",M.N.B.PL,M:Monthly,N:Nominal,B:Broad (64 economies),PL:Poland,"Index, 2020 = 100",,5/31/2015,F:Free,,A:Normal value,101.44
"BIS,WS_EER,1.0",M.N.B.PL,M:Monthly,N:Nominal,B:Broad (64 economies),PL:Poland,"Index, 2020 = 100",,6/30/2015,F:Free,,A:Normal value,100.11
"BIS,WS_EER,1.0",M.N.B.PL,M:Monthly,N:Nominal,B:Broad (64 economies),PL:Poland,"Index, 2020 = 100",,7/31/2015,F:Free,,A:Normal value,99.82
"BIS,WS_EER,1.0",M.N.B.PL,M:Monthly,N:Nominal,B:Broad (64 economies),PL:Poland,"Index, 2020 = 100",,8/31/2015,F:Free,,A:Normal value,100.19
"BIS,WS_EER,1.0",M.N.B.PL,M:Monthly,N:Nominal,B:Broad (64 economies),PL:Poland,"Index, 2020 = 100",,9/30/2015,F:Free,,A:Normal value,100.31
"BIS,WS_EER,1.0",M.N.B.PL,M:Monthly,N:Nominal,B:Broad (64 economies),PL:Poland,"Index, 2020 = 100",,10/31/2015,F:Free,,A:Normal value,99.2
"BIS,WS_EER,1.0",M.N.B.PL,M:Monthly,N:Nominal,B:Broad (64 economies),PL:Poland,"Index, 2020 = 100",,11/30/2015,F:Free,,A:Normal value,97.87
"BIS,WS_EER,1.0",M.N.B.PL,M:Monthly,N:Nominal,B:Broad (64 economies),PL:Poland,"Index, 2020 = 100",,12/31/2015,F:Free,,A:Normal value,97.96
"BIS,WS_EER,1.0",M.N.B.PL,M:Monthly,N:Nominal,B:Broad (64 economies),PL:Poland,"Index, 2020 = 100",,1/31/2016,F:Free,,A:Normal value,96.15
"BIS,WS_EER,1.0",M.N.B.PL,M:Monthly,N:Nominal,B:Broad (64 economies),PL:Poland,"Index, 2020 = 100",,2/29/2016,F:Free,,A:Normal value,96.85
"BIS,WS_EER,1.0",M.N.B.PL,M:Monthly,N:Nominal,B:Broad (64 economies),PL:Poland,"Index, 2020 = 100",,3/31/2016,F:Free,,A:Normal value,98.75
"BIS,WS_EER,1.0",M.N.B.PL,M:Monthly,N:Nominal,B:Broad (64 economies),PL:Poland,"Index, 2020 = 100",,4/30/2016,F:Free,,A:Normal value,98.54
"BIS,WS_EER,1.0",M.N.B.PL,M:Monthly,N:Nominal,B:Broad (64 economies),PL:Poland,"Index, 2020 = 100",,5/31/2016,F:Free,,A:Normal value,96.61
"BIS,WS_EER,1.0",M.N.B.PL,M:Monthly,N:Nominal,B:Broad (64 economies),PL:Poland,"Index, 2020 = 100",,6/30/2016,F:Free,,A:Normal value,96.55
"BIS,WS_EER,1.0",M.N.B.PL,M:Monthly,N:Nominal,B:Broad (64 economies),PL:Poland,"Index, 2020 = 100",,7/31/2016,F:Free,,A:Normal value,96.58
"BIS,WS_EER,1.0",M.N.B.PL,M:Monthly,N:Nominal,B:Broad (64 economies),PL:Poland,"Index, 2020 = 100",,8/31/2016,F:Free,,A:Normal value,98.97
"BIS,WS_EER,1.0",M.N.B.PL,M:Monthly,N:Nominal,B:Broad (64 economies),PL:Poland,"Index, 2020 = 100",,9/30/2016,F:Free,,A:Normal value,98.57
"BIS,WS_EER,1.0",M.N.B.PL,M:Monthly,N:Nominal,B:Broad (64 economies),PL:Poland,"Index, 2020 = 100",,10/31/2016,F:Free,,A:Normal value,98.79
"BIS,WS_EER,1.0",M.N.B.PL,M:Monthly,N:Nominal,B:Broad (64 economies),PL:Poland,"Index, 2020 = 100",,11/30/2016,F:Free,,A:Normal value,96.79
"BIS,WS_EER,1.0",M.N.B.PL,M:Monthly,N:Nominal,B:Broad (64 economies),PL:Poland,"Index, 2020 = 100",,12/31/2016,F:Free,,A:Normal value,95.4
"BIS,WS_EER,1.0",M.N.B.PL,M:Monthly,N:Nominal,B:Broad (64 economies),PL:Poland,"Index, 2020 = 100",,1/31/2017,F:Free,,A:Normal value,97.06
"BIS,WS_EER,1.0",M.N.B.PL,M:Monthly,N:Nominal,B:Broad (64 economies),PL:Poland,"Index, 2020 = 100",,2/28/2017,F:Free,,A:Normal value,98.07
"BIS,WS_EER,1.0",M.N.B.PL,M:Monthly,N:Nominal,B:Broad (64 economies),PL:Poland,"Index, 2020 = 100",,3/31/2017,F:Free,,A:Normal value,98.76
"BIS,WS_EER,1.0",M.N.B.PL,M:Monthly,N:Nominal,B:Broad (64 economies),PL:Poland,"Index, 2020 = 100",,4/30/2017,F:Free,,A:Normal value,99.74
"BIS,WS_EER,1.0",M.N.B.PL,M:Monthly,N:Nominal,B:Broad (64 economies),PL:Poland,"Index, 2020 = 100",,5/31/2017,F:Free,,A:Normal value,101.64
"BIS,WS_EER,1.0",M.N.B.PL,M:Monthly,N:Nominal,B:Broad (64 economies),PL:Poland,"Index, 2020 = 100",,6/30/2017,F:Free,,A:Normal value,101.77
"BIS,WS_EER,1.0",M.N.B.PL,M:Monthly,N:Nominal,B:Broad (64 economies),PL:Poland,"Index, 2020 = 100",,7/31/2017,F:Free,,A:Normal value,101.94
"BIS,WS_EER,1.0",M.N.B.PL,M:Monthly,N:Nominal,B:Broad (64 economies),PL:Poland,"Index, 2020 = 100",,8/31/2017,F:Free,,A:Normal value,101.86
"BIS,WS_EER,1.0",M.N.B.PL,M:Monthly,N:Nominal,B:Broad (64 economies),PL:Poland,"Index, 2020 = 100",,9/30/2017,F:Free,,A:Normal value,101.74
"BIS,WS_EER,1.0",M.N.B.PL,M:Monthly,N:Nominal,B:Broad (64 economies),PL:Poland,"Index, 2020 = 100",,10/31/2017,F:Free,,A:Normal value,101.8
"BIS,WS_EER,1.0",M.N.B.PL,M:Monthly,N:Nominal,B:Broad (64 economies),PL:Poland,"Index, 2020 = 100",,11/30/2017,F:Free,,A:Normal value,102.77
"BIS,WS_EER,1.0",M.N.B.PL,M:Monthly,N:Nominal,B:Broad (64 economies),PL:Poland,"Index, 2020 = 100",,12/31/2017,F:Free,,A:Normal value,103.51
"BIS,WS_EER,1.0",M.N.B.PL,M:Monthly,N:Nominal,B:Broad (64 economies),PL:Poland,"Index, 2020 = 100",,1/31/2018,F:Free,,A:Normal value,104.73
"BIS,WS_EER,1.0",M.N.B.PL,M:Monthly,N:Nominal,B:Broad (64 economies),PL:Poland,"Index, 2020 = 100",,2/28/2018,F:Free,,A:Normal value,104.87
"BIS,WS_EER,1.0",M.N.B.PL,M:Monthly,N:Nominal,B:Broad (64 economies),PL:Poland,"Index, 2020 = 100",,3/31/2018,F:Free,,A:Normal value,103.87
"BIS,WS_EER,1.0",M.N.B.PL,M:Monthly,N:Nominal,B:Broad (64 economies),PL:Poland,"Index, 2020 = 100",,4/30/2018,F:Free,,A:Normal value,104.33
"BIS,WS_EER,1.0",M.N.B.PL,M:Monthly,N:Nominal,B:Broad (64 economies),PL:Poland,"Index, 2020 = 100",,5/31/2018,F:Free,,A:Normal value,101.59
"BIS,WS_EER,1.0",M.N.B.PL,M:Monthly,N:Nominal,B:Broad (64 economies),PL:Poland,"Index, 2020 = 100",,6/30/2018,F:Free,,A:Normal value,101.18
"BIS,WS_EER,1.0",M.N.B.PL,M:Monthly,N:Nominal,B:Broad (64 economies),PL:Poland,"Index, 2020 = 100",,7/31/2018,F:Free,,A:Normal value,101.47
"BIS,WS_EER,1.0",M.N.B.PL,M:Monthly,N:Nominal,B:Broad (64 economies),PL:Poland,"Index, 2020 = 100",,8/31/2018,F:Free,,A:Normal value,102.85
"BIS,WS_EER,1.0",M.N.B.PL,M:Monthly,N:Nominal,B:Broad (64 economies),PL:Poland,"Index, 2020 = 100",,9/30/2018,F:Free,,A:Normal value,103.04
"BIS,WS_EER,1.0",M.N.B.PL,M:Monthly,N:Nominal,B:Broad (64 economies),PL:Poland,"Index, 2020 = 100",,10/31/2018,F:Free,,A:Normal value,102.39
"BIS,WS_EER,1.0",M.N.B.PL,M:Monthly,N:Nominal,B:Broad (64 economies),PL:Poland,"Index, 2020 = 100",,11/30/2018,F:Free,,A:Normal value,102
"BIS,WS_EER,1.0",M.N.B.PL,M:Monthly,N:Nominal,B:Broad (64 economies),PL:Poland,"Index, 2020 = 100",,12/31/2018,F:Free,,A:Normal value,102.32
"BIS,WS_EER,1.0",M.N.B.PL,M:Monthly,N:Nominal,B:Broad (64 economies),PL:Poland,"Index, 2020 = 100",,1/31/2019,F:Free,,A:Normal value,101.93
"BIS,WS_EER,1.0",M.N.B.PL,M:Monthly,N:Nominal,B:Broad (64 economies),PL:Poland,"Index, 2020 = 100",,2/28/2019,F:Free,,A:Normal value,100.98
"BIS,WS_EER,1.0",M.N.B.PL,M:Monthly,N:Nominal,B:Broad (64 economies),PL:Poland,"Index, 2020 = 100",,3/31/2019,F:Free,,A:Normal value,101.29
"BIS,WS_EER,1.0",M.N.B.PL,M:Monthly,N:Nominal,B:Broad (64 economies),PL:Poland,"Index, 2020 = 100",,4/30/2019,F:Free,,A:Normal value,101.53
"BIS,WS_EER,1.0",M.N.B.PL,M:Monthly,N:Nominal,B:Broad (64 economies),PL:Poland,"Index, 2020 = 100",,5/31/2019,F:Free,,A:Normal value,101.78
"BIS,WS_EER,1.0",M.N.B.PL,M:Monthly,N:Nominal,B:Broad (64 economies),PL:Poland,"Index, 2020 = 100",,6/30/2019,F:Free,,A:Normal value,102.73
"BIS,WS_EER,1.0",M.N.B.PL,M:Monthly,N:Nominal,B:Broad (64 economies),PL:Poland,"Index, 2020 = 100",,7/31/2019,F:Free,,A:Normal value,102.44
"BIS,WS_EER,1.0",M.N.B.PL,M:Monthly,N:Nominal,B:Broad (64 economies),PL:Poland,"Index, 2020 = 100",,8/31/2019,F:Free,,A:Normal value,100.85
"BIS,WS_EER,1.0",M.N.B.PL,M:Monthly,N:Nominal,B:Broad (64 economies),PL:Poland,"Index, 2020 = 100",,9/30/2019,F:Free,,A:Normal value,100.36
"BIS,WS_EER,1.0",M.N.B.PL,M:Monthly,N:Nominal,B:Broad (64 economies),PL:Poland,"Index, 2020 = 100",,10/31/2019,F:Free,,A:Normal value,101.59
"BIS,WS_EER,1.0",M.N.B.PL,M:Monthly,N:Nominal,B:Broad (64 economies),PL:Poland,"Index, 2020 = 100",,11/30/2019,F:Free,,A:Normal value,101.64
"BIS,WS_EER,1.0",M.N.B.PL,M:Monthly,N:Nominal,B:Broad (64 economies),PL:Poland,"Index, 2020 = 100",,12/31/2019,F:Free,,A:Normal value,101.99
"BIS,WS_EER,1.0",M.N.B.PL,M:Monthly,N:Nominal,B:Broad (64 economies),PL:Poland,"Index, 2020 = 100",,1/31/2020,F:Free,,A:Normal value,102.21
"BIS,WS_EER,1.0",M.N.B.PL,M:Monthly,N:Nominal,B:Broad (64 economies),PL:Poland,"Index, 2020 = 100",,2/29/2020,F:Free,,A:Normal value,101.39
"BIS,WS_EER,1.0",M.N.B.PL,M:Monthly,N:Nominal,B:Broad (64 economies),PL:Poland,"Index, 2020 = 100",,3/31/2020,F:Free,,A:Normal value,99.46
"BIS,WS_EER,1.0",M.N.B.PL,M:Monthly,N:Nominal,B:Broad (64 economies),PL:Poland,"Index, 2020 = 100",,4/30/2020,F:Free,,A:Normal value,97.16
"BIS,WS_EER,1.0",M.N.B.PL,M:Monthly,N:Nominal,B:Broad (64 economies),PL:Poland,"Index, 2020 = 100",,5/31/2020,F:Free,,A:Normal value,97.56
"BIS,WS_EER,1.0",M.N.B.PL,M:Monthly,N:Nominal,B:Broad (64 economies),PL:Poland,"Index, 2020 = 100",,6/30/2020,F:Free,,A:Normal value,99.93
"BIS,WS_EER,1.0",M.N.B.PL,M:Monthly,N:Nominal,B:Broad (64 economies),PL:Poland,"Index, 2020 = 100",,7/31/2020,F:Free,,A:Normal value,100.28
"BIS,WS_EER,1.0",M.N.B.PL,M:Monthly,N:Nominal,B:Broad (64 economies),PL:Poland,"Index, 2020 = 100",,8/31/2020,F:Free,,A:Normal value,102.29
"BIS,WS_EER,1.0",M.N.B.PL,M:Monthly,N:Nominal,B:Broad (64 economies),PL:Poland,"Index, 2020 = 100",,9/30/2020,F:Free,,A:Normal value,100.62
"BIS,WS_EER,1.0",M.N.B.PL,M:Monthly,N:Nominal,B:Broad (64 economies),PL:Poland,"Index, 2020 = 100",,10/31/2020,F:Free,,A:Normal value,99.05
"BIS,WS_EER,1.0",M.N.B.PL,M:Monthly,N:Nominal,B:Broad (64 economies),PL:Poland,"Index, 2020 = 100",,11/30/2020,F:Free,,A:Normal value,99.62
"BIS,WS_EER,1.0",M.N.B.PL,M:Monthly,N:Nominal,B:Broad (64 economies),PL:Poland,"Index, 2020 = 100",,12/31/2020,F:Free,,A:Normal value,100.41
"BIS,WS_EER,1.0",M.N.B.PL,M:Monthly,N:Nominal,B:Broad (64 economies),PL:Poland,"Index, 2020 = 100",,1/31/2021,F:Free,,A:Normal value,98.86
"BIS,WS_EER,1.0",M.N.B.PL,M:Monthly,N:Nominal,B:Broad (64 economies),PL:Poland,"Index, 2020 = 100",,2/28/2021,F:Free,,A:Normal value,99.31
"BIS,WS_EER,1.0",M.N.B.PL,M:Monthly,N:Nominal,B:Broad (64 economies),PL:Poland,"Index, 2020 = 100",,3/31/2021,F:Free,,A:Normal value,97.07
"BIS,WS_EER,1.0",M.N.B.PL,M:Monthly,N:Nominal,B:Broad (64 economies),PL:Poland,"Index, 2020 = 100",,4/30/2021,F:Free,,A:Normal value,98.08
"BIS,WS_EER,1.0",M.N.B.PL,M:Monthly,N:Nominal,B:Broad (64 economies),PL:Poland,"Index, 2020 = 100",,5/31/2021,F:Free,,A:Normal value,98.98
"BIS,WS_EER,1.0",M.N.B.PL,M:Monthly,N:Nominal,B:Broad (64 economies),PL:Poland,"Index, 2020 = 100",,6/30/2021,F:Free,,A:Normal value,99.28
"BIS,WS_EER,1.0",M.N.B.PL,M:Monthly,N:Nominal,B:Broad (64 economies),PL:Poland,"Index, 2020 = 100",,7/31/2021,F:Free,,A:Normal value,97.73
"BIS,WS_EER,1.0",M.N.B.PL,M:Monthly,N:Nominal,B:Broad (64 economies),PL:Poland,"Index, 2020 = 100",,8/31/2021,F:Free,,A:Normal value,97.36
"BIS,WS_EER,1.0",M.N.B.PL,M:Monthly,N:Nominal,B:Broad (64 economies),PL:Poland,"Index, 2020 = 100",,9/30/2021,F:Free,,A:Normal value,97.34
"BIS,WS_EER,1.0",M.N.B.PL,M:Monthly,N:Nominal,B:Broad (64 economies),PL:Poland,"Index, 2020 = 100",,10/31/2021,F:Free,,A:Normal value,96.52
"BIS,WS_EER,1.0",M.N.B.PL,M:Monthly,N:Nominal,B:Broad (64 economies),PL:Poland,"Index, 2020 = 100",,11/30/2021,F:Free,,A:Normal value,95.17
"BIS,WS_EER,1.0",M.N.B.PL,M:Monthly,N:Nominal,B:Broad (64 economies),PL:Poland,"Index, 2020 = 100",,12/31/2021,F:Free,,A:Normal value,96.09
"BIS,WS_EER,1.0",M.N.B.PL,M:Monthly,N:Nominal,B:Broad (64 economies),PL:Poland,"Index, 2020 = 100",,1/31/2022,F:Free,,A:Normal value,97.2
"BIS,WS_EER,1.0",M.N.B.PL,M:Monthly,N:Nominal,B:Broad (64 economies),PL:Poland,"Index, 2020 = 100",,2/28/2022,F:Free,,A:Normal value,97.42
"BIS,WS_EER,1.0",M.N.B.PL,M:Monthly,N:Nominal,B:Broad (64 economies),PL:Poland,"Index, 2020 = 100",,3/31/2022,F:Free,,A:Normal value,93.31
"BIS,WS_EER,1.0",M.N.B.PL,M:Monthly,N:Nominal,B:Broad (64 economies),PL:Poland,"Index, 2020 = 100",,4/30/2022,F:Free,,A:Normal value,94.49
"BIS,WS_EER,1.0",M.N.B.PL,M:Monthly,N:Nominal,B:Broad (64 economies),PL:Poland,"Index, 2020 = 100",,5/31/2022,F:Free,,A:Normal value,94.47
"BIS,WS_EER,1.0",M.N.B.PL,M:Monthly,N:Nominal,B:Broad (64 economies),PL:Poland,"Index, 2020 = 100",,6/30/2022,F:Free,,A:Normal value,94.65
"BIS,WS_EER,1.0",M.N.B.PL,M:Monthly,N:Nominal,B:Broad (64 economies),PL:Poland,"Index, 2020 = 100",,7/31/2022,F:Free,,A:Normal value,91.44
"BIS,WS_EER,1.0",M.N.B.PL,M:Monthly,N:Nominal,B:Broad (64 economies),PL:Poland,"Index, 2020 = 100",,8/31/2022,F:Free,,A:Normal value,92.24
"BIS,WS_EER,1.0",M.N.B.PL,M:Monthly,N:Nominal,B:Broad (64 economies),PL:Poland,"Index, 2020 = 100",,9/30/2022,F:Free,,A:Normal value,92.16
"BIS,WS_EER,1.0",M.N.B.PL,M:Monthly,N:Nominal,B:Broad (64 economies),PL:Poland,"Index, 2020 = 100",,10/31/2022,F:Free,,A:Normal value,91.4
"BIS,WS_EER,1.0",M.N.B.PL,M:Monthly,N:Nominal,B:Broad (64 economies),PL:Poland,"Index, 2020 = 100",,11/30/2022,F:Free,,A:Normal value,94.2
"BIS,WS_EER,1.0",M.N.B.PL,M:Monthly,N:Nominal,B:Broad (64 economies),PL:Poland,"Index, 2020 = 100",,12/31/2022,F:Free,,A:Normal value,95.21
"BIS,WS_EER,1.0",M.N.B.PL,M:Monthly,N:Nominal,B:Broad (64 economies),PL:Poland,"Index, 2020 = 100",,1/31/2023,F:Free,,A:Normal value,94.98
"BIS,WS_EER,1.0",M.N.B.PL,M:Monthly,N:Nominal,B:Broad (64 economies),PL:Poland,"Index, 2020 = 100",,2/28/2023,F:Free,,A:Normal value,94.14
"BIS,WS_EER,1.0",M.N.B.PL,M:Monthly,N:Nominal,B:Broad (64 economies),PL:Poland,"Index, 2020 = 100",,3/31/2023,F:Free,,A:Normal value,95.48
"BIS,WS_EER,1.0",M.N.B.PL,M:Monthly,N:Nominal,B:Broad (64 economies),PL:Poland,"Index, 2020 = 100",,4/30/2023,F:Free,,A:Normal value,97.29
"BIS,WS_EER,1.0",M.N.B.PL,M:Monthly,N:Nominal,B:Broad (64 economies),PL:Poland,"Index, 2020 = 100",,5/31/2023,F:Free,,A:Normal value,99.42
"BIS,WS_EER,1.0",M.N.B.PL,M:Monthly,N:Nominal,B:Broad (64 economies),PL:Poland,"Index, 2020 = 100",,6/30/2023,F:Free,,A:Normal value,101.82
"BIS,WS_EER,1.0",M.N.B.PL,M:Monthly,N:Nominal,B:Broad (64 economies),PL:Poland,"Index, 2020 = 100",,7/31/2023,F:Free,,A:Normal value,103.25
"BIS,WS_EER,1.0",M.N.B.PL,M:Monthly,N:Nominal,B:Broad (64 economies),PL:Poland,"Index, 2020 = 100",,8/31/2023,F:Free,,A:Normal value,102.98
"BIS,WS_EER,1.0",M.N.B.PL,M:Monthly,N:Nominal,B:Broad (64 economies),PL:Poland,"Index, 2020 = 100",,9/30/2023,F:Free,,A:Normal value,99.56
"BIS,WS_EER,1.0",M.N.B.PL,M:Monthly,N:Nominal,B:Broad (64 economies),PL:Poland,"Index, 2020 = 100",,10/31/2023,F:Free,,A:Normal value,101.36
"BIS,WS_EER,1.0",M.N.B.PL,M:Monthly,N:Nominal,B:Broad (64 economies),PL:Poland,"Index, 2020 = 100",,11/30/2023,F:Free,,A:Normal value,104.21
"BIS,WS_EER,1.0",M.N.B.PL,M:Monthly,N:Nominal,B:Broad (64 economies),PL:Poland,"Index, 2020 = 100",,12/31/2023,F:Free,,A:Normal value,105.79
"BIS,WS_EER,1.0",M.N.B.PL,M:Monthly,N:Nominal,B:Broad (64 economies),PL:Poland,"Index, 2020 = 100",,1/31/2024,F:Free,,A:Normal value,105.19
"BIS,WS_EER,1.0",M.N.B.PL,M:Monthly,N:Nominal,B:Broad (64 economies),PL:Poland,"Index, 2020 = 100",,2/29/2024,F:Free,,A:Normal value,106.18
"BIS,WS_EER,1.0",M.N.B.PL,M:Monthly,N:Nominal,B:Broad (64 economies),PL:Poland,"Index, 2020 = 100",,3/31/2024,F:Free,,A:Normal value,107.09
"BIS,WS_EER,1.0",M.N.B.PL,M:Monthly,N:Nominal,B:Broad (64 economies),PL:Poland,"Index, 2020 = 100",,4/30/2024,F:Free,,A:Normal value,107.14
"BIS,WS_EER,1.0",M.N.B.PL,M:Monthly,N:Nominal,B:Broad (64 economies),PL:Poland,"Index, 2020 = 100",,5/31/2024,F:Free,,A:Normal value,107.72
"BIS,WS_EER,1.0",M.N.B.PL,M:Monthly,N:Nominal,B:Broad (64 economies),PL:Poland,"Index, 2020 = 100",,6/30/2024,F:Free,,A:Normal value,106.57
"BIS,WS_EER,1.0",M.N.B.PL,M:Monthly,N:Nominal,B:Broad (64 economies),PL:Poland,"Index, 2020 = 100",,7/31/2024,F:Free,,A:Normal value,107.99
"BIS,WS_EER,1.0",M.N.B.PL,M:Monthly,N:Nominal,B:Broad (64 economies),PL:Poland,"Index, 2020 = 100",,8/31/2024,F:Free,,A:Normal value,107.86
"BIS,WS_EER,1.0",M.N.B.PL,M:Monthly,N:Nominal,B:Broad (64 economies),PL:Poland,"Index, 2020 = 100",,9/30/2024,F:Free,,A:Normal value,108.24
"BIS,WS_EER,1.0",M.N.B.PL,M:Monthly,N:Nominal,B:Broad (64 economies),PL:Poland,"Index, 2020 = 100",,10/31/2024,F:Free,,A:Normal value,106.97
"BIS,WS_EER,1.0",M.N.B.PL,M:Monthly,N:Nominal,B:Broad (64 economies),PL:Poland,"Index, 2020 = 100",,11/30/2024,F:Free,,A:Normal value,106.36
"BIS,WS_EER,1.0",M.N.B.PL,M:Monthly,N:Nominal,B:Broad (64 economies),PL:Poland,"Index, 2020 = 100",,12/31/2024,F:Free,,A:Normal value,107.67
"BIS,WS_EER,1.0",M.N.B.PL,M:Monthly,N:Nominal,B:Broad (64 economies),PL:Poland,"Index, 2020 = 100",,1/31/2025,F:Free,,A:Normal value,108.03
"BIS,WS_EER,1.0",M.N.B.PL,M:Monthly,N:Nominal,B:Broad (64 economies),PL:Poland,"Index, 2020 = 100",,2/28/2025,F:Free,,A:Normal value,109.74
"BIS,WS_EER,1.0",M.N.B.PL,M:Monthly,N:Nominal,B:Broad (64 economies),PL:Poland,"Index, 2020 = 100",,3/31/2025,F:Free,,A:Normal value,110.53
"BIS,WS_EER,1.0",M.N.B.PL,M:Monthly,N:Nominal,B:Broad (64 economies),PL:Poland,"Index, 2020 = 100",,4/30/2025,F:Free,,A:Normal value,109.75
"BIS,WS_EER,1.0",M.N.B.PL,M:Monthly,N:Nominal,B:Broad (64 economies),PL:Poland,"Index, 2020 = 100",,5/31/2025,F:Free,,A:Normal value,109.61
"BIS,WS_EER,1.0",M.N.B.PL,M:Monthly,N:Nominal,B:Broad (64 economies),PL:Poland,"Index, 2020 = 100",,6/30/2025,F:Free,,A:Normal value,109.9
"BIS,WS_EER,1.0",M.N.B.PL,M:Monthly,N:Nominal,B:Broad (64 economies),PL:Poland,"Index, 2020 = 100",,7/31/2025,F:Free,,A:Normal value,110.81
"BIS,WS_EER,1.0",M.N.B.PL,M:Monthly,N:Nominal,B:Broad (64 economies),PL:Poland,"Index, 2020 = 100",,8/31/2025,F:Free,,A:Normal value,110.62
"BIS,WS_EER,1.0",M.N.B.PL,M:Monthly,N:Nominal,B:Broad (64 economies),PL:Poland,"Index, 2020 = 100",,9/30/2025,F:Free,,A:Normal value,110.89
"BIS,WS_EER,1.0",M.N.B.PL,M:Monthly,N:Nominal,B:Broad (64 economies),PL:Poland,"Index, 2020 = 100",,10/31/2025,F:Free,,A:Normal value,110.92
"BIS,WS_EER,1.0",M.N.B.PL,M:Monthly,N:Nominal,B:Broad (64 economies),PL:Poland,"Index, 2020 = 100",,11/30/2025,F:Free,,A:Normal value,111.1
"BIS,WS_EER,1.0",M.N.B.PL,M:Monthly,N:Nominal,B:Broad (64 economies),PL:Poland,"Index, 2020 = 100",,12/31/2025,F:Free,,A:Normal value,111.75
